,gender,age,province ,marital_status,employability_status,monthly_income,Output 
0,0,0,6,1,0,0,1500
1,0,0,6,1,1,30000,1000
2,0,1,6,0,1,68000,500
3,1,2,6,0,1,70000,300
4,0,0,8,1,1,15000,1000
5,0,1,6,1,1,100000,2000
6,1,0,6,1,1,100000,300
7,0,1,8,1,1,30000,0
8,0,1,8,0,1,60000,0
9,0,0,8,1,0,0,0
10,0,1,7,0,1,69000,0
11,1,0,8,1,0,0,250
12,0,0,6,1,0,0,2000
13,0,1,8,1,1,70000,0
14,0,0,8,1,0,0,0
15,0,0,6,1,0,0,2000
16,0,0,8,1,0,0,0
17,0,0,6,1,0,0,0
18,0,0,6,1,0,0,0
19,0,0,6,1,1,130000,5000
20,0,0,6,1,0,0,0
21,0,0,6,1,1,30000,15000
22,0,1,3,1,0,0,1500
23,0,1,8,1,1,70000,0
24,0,0,8,0,1,150000,3000
25,0,0,6,1,0,0,1000
26,1,0,8,1,0,0,500
27,1,0,8,1,1,80000,600
28,0,0,6,1,0,0,2000
29,1,0,8,1,0,0,500
30,1,0,8,1,1,100000,1500
31,0,0,8,1,0,0,0
32,0,0,6,1,1,40000,3000
33,1,0,8,1,0,0,500
34,0,1,8,1,1,35000,0
35,0,0,8,1,1,30000,0
36,0,1,8,1,1,30000,0
37,0,1,8,1,1,30000,0
38,0,0,8,1,1,32000,0
39,1,0,8,1,1,30000,500
40,0,0,8,1,1,150000,2000
41,1,0,8,1,1,20000,500
42,0,1,8,1,0,0,0
43,1,0,8,1,0,0,0
44,1,0,8,1,1,50000,500
45,0,0,6,1,0,0,2000
46,0,0,0,1,0,0,1000
47,0,0,8,1,1,25000,1500
48,1,0,8,1,0,0,1000
49,1,0,8,1,0,0,0
50,1,1,8,1,1,120000,1000
51,1,0,8,1,1,20000,400
52,1,0,6,1,0,0,1000
53,0,0,8,1,0,0,3000
54,0,0,6,1,1,10000,0
55,0,0,0,1,0,0,0
56,0,0,3,1,1,50000,0
57,1,0,5,1,1,40000,1000
58,1,0,6,1,0,0,500
59,0,0,6,1,0,0,3000
60,0,0,6,1,1,27000,2000
61,0,0,6,1,0,0,0
62,1,0,8,1,1,20000,500
63,0,0,5,1,1,150000,2000
64,1,0,8,1,1,15000,1000
65,0,0,6,1,0,0,0
66,0,0,0,1,1,200000,15000
67,0,0,6,1,0,0,0
68,0,0,8,1,1,34000,0
69,0,1,6,1,1,25000,400
70,1,0,8,1,0,0,300
71,1,0,5,0,1,200000,400
72,1,1,6,1,1,330000,300
73,1,1,8,0,1,100000,600
74,1,1,8,1,1,170000,400
75,1,0,8,1,1,40000,1000
76,1,1,6,0,1,60000,900
77,1,1,6,1,1,550000,2000
78,1,1,6,0,1,105000,500
79,1,1,6,1,1,600000,500
80,1,0,8,1,1,45000,0
81,1,1,6,1,1,400000,500
82,0,0,6,1,0,0,0
83,1,0,8,1,1,20000,500
84,0,0,6,1,0,0,0
85,1,0,8,1,0,0,500
86,1,1,5,1,1,45000,300
87,0,3,1,1,0,0,500
88,1,3,6,1,0,0,300
89,1,3,8,1,0,0,450
90,0,0,6,1,0,0,0
91,0,1,8,1,0,0,1000
92,0,0,6,1,1,30000,0
93,0,0,6,1,1,15000,0
94,0,0,6,1,1,30000,1000
95,0,0,0,0,0,0,500
96,0,0,0,1,0,0,800
97,0,0,8,1,0,0,2000
98,0,0,8,1,0,0,1500
99,1,2,6,1,1,120000,500
100,0,0,0,0,1,90000,5000
101,0,0,8,1,1,35000,700
102,1,0,8,1,1,50000,1000
103,0,0,6,1,0,0,2000
104,0,0,8,1,0,0,0
105,0,0,6,1,1,30000,0
106,0,0,8,1,0,0,1500
107,0,0,6,1,1,22000,0
108,0,0,6,1,1,50000,1000
109,0,1,3,1,1,140000,25000
110,0,1,6,1,0,0,0
111,0,1,6,1,1,60000,0
112,0,1,6,1,0,0,0
113,0,2,2,1,1,55000,800
114,0,2,2,1,1,50000,800
115,0,2,2,1,1,67000,1000
116,0,2,0,0,1,67000,1000
117,0,2,8,0,1,48000,1000
118,0,2,8,0,1,50000,1000
119,0,2,8,0,1,90000,1500
120,0,2,8,0,1,100000,1500
121,0,2,1,0,1,60000,1000
122,0,2,1,0,1,55000,1000
123,0,0,1,1,1,30000,750
124,0,0,1,1,1,35000,750
125,0,0,7,1,1,25000,700
126,0,0,7,1,1,30000,600
127,0,0,7,1,1,15000,600
128,0,0,7,1,1,15000,600
129,0,0,3,1,1,20000,750
130,0,0,3,1,1,45000,1000
131,0,0,6,1,1,41000,1500
132,0,0,6,1,1,25000,1000
133,0,0,6,1,1,38000,2000
134,0,0,6,1,1,28000,1500
135,0,0,6,1,1,35000,1500
136,0,0,0,1,1,85000,3000
137,0,0,0,1,1,65000,2000
138,0,0,2,1,1,28000,800
139,0,0,2,1,1,30000,800
140,0,0,2,1,1,30000,800
141,0,0,4,1,1,20000,500
142,0,3,5,1,0,0,700
143,0,3,5,1,1,15000,800
144,0,3,5,1,0,0,750
145,0,3,5,1,0,0,700
146,0,3,5,1,0,0,750
147,0,3,6,1,0,0,1000
148,0,3,6,1,0,0,1500
149,0,3,6,1,0,0,1500
150,0,3,6,1,0,0,1000
151,0,3,6,1,0,0,1000
152,0,3,6,1,0,0,1000
153,0,3,6,1,0,0,1000
154,0,3,6,1,0,0,750
155,0,3,6,1,0,0,750
156,0,3,6,1,0,0,800
157,0,3,6,1,0,0,800
158,0,3,6,1,0,0,750
159,0,3,6,1,0,0,1000
160,0,3,6,1,0,0,1000
161,0,3,6,1,0,0,1000
162,0,3,6,1,0,0,1000
163,0,3,0,1,0,0,1200
164,0,3,0,1,0,0,1200
165,0,3,0,1,0,0,1000
166,0,3,0,1,0,0,1000
167,0,3,0,1,0,0,1000
168,0,3,0,1,0,0,1000
169,0,3,0,1,0,0,1000
170,0,3,0,1,0,0,1000
171,0,3,0,1,0,0,600
172,0,3,0,1,0,0,800
173,0,3,8,1,0,0,1000
174,0,3,8,1,0,0,1500
175,0,3,8,1,0,0,1500
176,0,3,8,1,0,0,2000
177,0,3,8,1,0,0,2000
178,0,3,8,1,0,0,2000
179,0,3,8,1,0,0,1500
180,0,3,8,1,0,0,1500
181,0,3,8,1,0,0,1500
182,0,3,8,1,0,0,2000
183,0,3,8,1,0,0,1000
184,0,3,0,1,0,0,1300
185,0,3,0,1,0,0,1000
186,0,3,0,1,0,0,800
187,0,3,0,1,0,0,800
188,0,3,0,1,0,0,1000
189,0,3,0,1,0,0,1000
190,0,3,0,1,0,0,1000
191,0,3,0,1,0,0,1200
192,0,3,0,1,0,0,1000
193,0,3,8,1,0,0,1000
194,0,3,8,1,0,0,1500
195,0,3,8,1,0,0,2000
196,0,3,3,1,0,0,750
197,0,3,3,1,0,0,750
198,0,3,3,1,0,0,800
199,0,1,2,1,1,30000,900
200,0,1,2,1,1,38000,900
201,0,1,2,1,1,35000,900
202,0,1,7,1,1,35000,550
203,0,1,7,1,1,40000,600
204,0,1,7,1,1,40000,600
205,0,1,3,1,1,65000,1000
206,0,1,3,1,1,30000,1000
207,0,1,5,1,1,42000,900
208,0,1,5,1,1,41000,900
209,0,1,5,1,1,40000,900
210,0,1,5,1,1,56000,900
211,0,1,5,1,1,55000,800
212,0,1,5,1,1,58000,800
213,0,1,5,1,1,63000,800
214,0,1,5,1,1,67000,800
215,0,1,5,1,1,71000,1000
216,0,1,5,1,1,70000,900
217,0,1,5,1,1,72000,1000
218,0,1,5,1,1,42000,800
219,0,1,5,1,1,41000,800
220,0,1,5,1,1,40000,800
221,0,1,5,1,1,56000,800
222,0,1,5,1,1,55000,900
223,0,1,5,1,1,58000,900
224,0,1,5,1,1,63000,900
225,0,1,5,1,1,67000,900
226,0,1,5,1,1,71000,900
227,0,1,5,1,1,170000,1000
228,0,1,6,1,1,45000,1500
229,0,1,6,1,1,48000,1500
230,0,1,6,1,1,38000,1400
231,0,1,6,1,1,67000,1800
232,0,1,6,1,1,70000,2000
233,0,1,6,1,1,88000,2000
234,0,1,6,1,1,75000,2000
235,0,1,6,1,1,55000,1800
236,0,1,6,1,1,60000,2500
237,0,1,6,1,1,110000,2500
238,0,1,6,1,1,95000,2000
239,0,1,0,1,1,55000,900
240,0,1,0,1,1,45000,800
241,0,1,0,1,1,80000,1500
242,0,1,0,1,1,65000,800
243,0,1,0,1,1,130000,2000
244,0,1,0,1,1,100000,2500
245,0,1,0,1,1,75000,1500
246,0,1,0,1,1,35000,750
247,0,1,0,1,1,28000,700
248,0,1,0,1,1,45000,800
249,0,1,0,1,1,58000,1000
250,0,1,0,1,0,0,1000
251,0,1,0,1,0,0,800
252,0,1,0,1,0,0,1000
253,0,1,0,1,0,0,1000
254,0,1,8,1,1,62000,1000
255,0,1,8,1,1,70000,1500
256,0,1,8,0,1,35000,1000
257,0,1,8,0,1,40000,1000
258,0,1,8,0,1,52000,1000
259,0,1,8,0,1,70000,1000
260,0,1,8,0,1,80000,1500
261,0,1,0,0,1,65000,1000
262,0,1,0,0,1,70000,1500
263,0,1,0,0,1,38000,900
264,0,1,0,1,1,95000,1000
265,0,1,0,1,1,80000,1000
266,0,1,8,1,1,120000,1500
267,0,1,8,1,1,60000,1000
268,0,2,8,1,1,72000,1500
269,0,2,4,0,1,58000,500
270,0,2,4,0,1,63000,500
271,0,2,2,0,1,57000,900
272,0,2,2,0,1,63000,900
273,0,2,3,0,1,120000,1000
274,0,2,3,0,1,70000,1000
275,0,2,5,0,1,65000,1000
276,0,2,5,0,1,80000,800
277,0,2,5,0,1,61000,800
278,0,2,5,0,1,75000,900
279,0,2,5,0,1,70000,900
280,0,2,8,0,1,38000,1000
281,0,2,8,0,1,120000,1500
282,0,2,8,0,1,150000,1500
283,0,2,8,0,1,180000,2000
284,0,2,0,0,0,0,1500
285,0,2,1,0,1,30000,800
286,1,0,1,1,0,0,750
287,1,0,1,1,1,25000,300
288,1,0,2,1,1,15000,300
289,1,0,2,1,1,15000,300
290,1,0,2,1,1,20000,750
291,1,0,7,1,1,20000,250
292,1,0,7,1,1,25000,250
293,1,0,7,1,1,30000,300
294,1,0,7,1,1,30000,300
295,1,0,5,1,1,25000,300
296,1,0,5,1,1,27000,300
297,1,0,5,1,1,29000,300
298,1,0,5,1,1,30000,300
299,1,0,5,1,1,32000,300
300,1,0,0,1,0,0,450
301,1,0,0,1,0,0,400
302,1,0,4,1,0,0,200
303,1,0,4,1,0,0,250
304,1,3,6,1,0,0,450
305,1,3,6,1,0,0,300
306,1,3,6,1,0,0,350
307,1,3,6,1,0,0,300
308,1,3,6,1,0,0,350
309,1,3,6,1,0,0,300
310,1,3,6,1,0,0,350
311,1,3,6,1,0,0,300
312,1,3,6,1,0,0,300
313,1,3,6,1,0,0,350
314,1,3,6,1,0,0,300
315,1,3,6,1,0,0,350
316,1,3,6,1,0,0,300
317,1,3,6,1,0,0,400
318,1,3,6,1,0,0,400
319,1,3,0,1,0,0,350
320,1,3,0,1,0,0,400
321,1,3,0,1,0,0,400
322,1,3,0,1,0,0,400
323,1,3,0,1,0,0,350
324,1,3,8,1,0,0,400
325,1,3,8,1,0,0,600
326,1,3,8,1,0,0,500
327,1,3,8,1,0,0,500
328,1,3,0,1,0,0,450
329,1,3,0,1,0,0,450
330,1,3,5,1,0,0,300
331,1,3,5,1,0,0,300
332,1,3,5,1,0,0,300
333,1,3,5,1,0,0,300
334,1,3,5,1,0,0,300
335,1,3,5,1,0,0,300
336,1,3,5,1,0,0,300
337,1,3,5,1,0,0,300
338,1,3,5,1,0,0,300
339,1,3,5,1,0,0,300
340,1,3,5,1,1,12000,300
341,1,1,1,1,1,35000,300
342,1,1,1,1,1,30000,300
343,1,1,1,1,1,40000,300
344,1,1,2,1,1,38000,300
345,1,1,2,1,1,42000,300
346,1,1,2,1,1,45000,300
347,1,1,7,1,1,45000,300
348,1,1,7,1,1,30000,300
349,1,1,7,1,1,25000,250
350,1,1,7,1,1,35000,300
351,1,1,7,1,1,40000,300
352,1,1,3,1,1,60000,400
353,1,1,3,1,1,55000,350
354,1,1,3,1,1,58000,400
355,1,1,3,1,1,55000,350
356,1,1,3,1,1,45000,300
357,1,1,3,1,1,30000,300
358,1,1,5,1,1,42000,300
359,1,1,5,1,1,41000,300
360,1,1,5,1,1,40000,300
361,1,1,5,1,1,56000,300
362,1,1,5,1,1,55000,300
363,1,1,5,1,1,58000,300
364,1,1,5,1,1,63000,300
365,1,1,5,1,1,67000,300
366,1,1,5,1,1,71000,300
367,1,1,5,1,1,70000,300
368,1,1,6,1,1,65000,300
369,1,1,6,1,1,60000,300
370,1,1,6,1,1,150000,500
371,1,1,6,1,1,125000,500
372,1,1,6,1,1,85000,300
373,1,1,0,1,1,90000,400
374,1,1,0,1,1,95000,300
375,1,1,0,1,1,85000,350
376,1,1,0,1,1,120000,500
377,1,1,0,1,1,100000,500
378,1,1,8,1,1,48000,500
379,1,1,8,1,1,55000,600
380,1,1,8,1,1,65000,700
381,1,1,8,0,1,72000,600
382,1,1,8,0,1,90000,1000
383,1,1,0,1,1,45000,350
384,1,1,0,1,1,55000,300
385,1,1,8,1,1,70000,1000
386,1,1,8,1,1,90000,1000
387,1,0,5,1,1,72000,300
388,1,0,5,1,1,42000,300
389,1,0,5,1,1,41000,300
390,1,0,0,1,1,25000,300
391,1,0,0,1,1,35000,350
392,1,0,0,1,1,42000,300
393,1,0,0,1,1,55000,300
394,1,0,0,1,1,75000,400
395,1,0,8,1,1,20000,500
396,1,0,8,1,1,32000,500
397,1,2,8,1,1,65000,1000
398,1,2,8,1,1,80000,1000
399,1,2,8,1,1,160000,1000
400,1,2,0,1,1,500000,2000
401,1,2,0,1,1,110000,500
402,1,2,0,1,1,580000,1000
403,1,2,0,1,1,370000,1000
404,1,2,8,1,1,250000,1000
405,1,2,5,1,1,40000,300
406,1,2,5,1,1,56000,300
407,1,2,5,1,1,55000,300
408,1,2,5,1,1,58000,300
409,1,2,5,1,1,63000,300
410,1,2,1,0,1,58000,400
411,1,2,7,0,1,67000,300
412,1,2,7,0,1,64000,300
413,1,2,3,0,1,55000,400
414,1,2,3,0,1,50000,350
415,1,2,3,0,1,60000,400
416,1,2,5,0,1,58000,400
417,1,2,5,0,1,63000,400
418,1,2,5,0,1,67000,400
419,1,2,5,0,1,71000,400
420,1,2,5,0,1,70000,400
421,1,2,5,0,1,72000,400
422,1,2,5,0,1,72000,400
423,1,2,5,0,1,75000,400
424,1,2,5,0,1,90000,450
425,1,2,5,0,1,85000,450
426,1,2,5,0,1,100000,450
427,1,2,5,0,1,110000,450
428,1,2,5,0,1,63000,300
429,1,2,5,0,1,67000,300
430,1,2,5,0,1,71000,350
431,1,2,5,0,1,70000,300
432,1,2,5,0,1,72000,300
433,1,2,5,0,1,72000,300
434,1,2,5,0,1,72000,350
435,1,2,6,0,1,84000,300
436,1,2,6,0,1,76000,300
437,1,2,6,0,1,66000,300
438,1,2,6,0,1,97500,300
439,1,2,0,0,1,250000,300
440,1,2,0,0,1,100000,350
441,1,2,0,0,1,200000,350
442,1,2,0,0,1,140000,500
443,1,2,0,0,1,55000,300
444,1,2,0,0,1,67000,300
445,1,2,0,0,1,49000,300
446,1,2,0,0,1,38000,350
447,1,2,0,0,1,90000,400
448,1,2,0,0,1,135000,500
449,1,2,0,0,1,155000,500
450,1,2,0,0,1,39000,300
451,1,2,0,0,1,37000,350
452,1,2,0,0,1,42000,300
453,1,2,0,0,1,71000,300
454,1,2,8,0,1,50000,500
455,1,2,8,0,1,58000,500
456,1,2,8,0,1,60000,600
457,1,2,8,0,1,65000,700
458,1,2,8,0,1,70000,1000
459,1,2,8,0,1,75000,600
460,1,2,8,0,1,80000,700
461,1,2,8,0,1,130000,1000
462,1,2,8,0,1,120000,600
463,1,2,8,0,1,200000,800
464,1,2,8,0,1,300000,1000
465,1,2,0,0,1,450000,1000
466,1,2,0,0,1,50000,300
467,1,2,0,0,1,58000,300
468,1,2,0,0,1,60000,300
469,1,2,0,0,1,62000,300
470,1,2,8,0,1,400000,1000
471,1,2,8,0,1,320000,600
472,1,2,8,0,1,500000,1000
473,0,0,6,1,0,0,1500
474,0,0,6,1,1,30000,1000
475,0,1,6,0,1,68000,500
476,1,2,6,0,1,70000,300
477,0,0,8,1,1,15000,1000
478,0,1,6,1,1,100000,2000
479,1,0,6,1,1,100000,300
480,0,1,8,1,1,30000,0
481,0,1,8,0,1,60000,0
482,0,0,8,1,0,0,0
483,0,1,7,0,1,69000,0
484,1,0,8,1,0,0,250
485,0,0,6,1,0,0,2000
486,0,1,8,1,1,70000,0
487,0,0,8,1,0,0,0
488,0,0,6,1,0,0,2000
489,0,0,8,1,0,0,0
490,0,0,6,1,0,0,0
491,0,0,6,1,0,0,0
492,0,0,6,1,1,130000,5000
493,0,0,6,1,0,0,0
494,0,0,6,1,1,30000,15000
495,0,1,3,1,0,0,1500
496,0,1,8,1,1,70000,0
497,0,0,8,0,1,150000,3000
498,0,0,6,1,0,0,1000
499,1,0,8,1,0,0,500
500,1,0,8,1,1,80000,600
501,0,0,6,1,0,0,2000
502,1,0,8,1,0,0,500
503,1,0,8,1,1,100000,1500
504,0,0,8,1,0,0,0
505,0,0,6,1,1,40000,3000
506,1,0,8,1,0,0,500
507,0,1,8,1,1,35000,0
508,0,0,8,1,1,30000,0
509,0,1,8,1,1,30000,0
510,0,1,8,1,1,30000,0
511,0,0,8,1,1,32000,0
512,1,0,8,1,1,30000,500
513,0,0,8,1,1,150000,2000
514,1,0,8,1,1,20000,500
515,0,1,8,1,0,0,0
516,1,0,8,1,0,0,0
517,1,0,8,1,1,50000,500
518,0,0,6,1,0,0,2000
519,0,0,0,1,0,0,1000
520,0,0,8,1,1,25000,1500
521,1,0,8,1,0,0,1000
522,1,0,8,1,0,0,0
523,1,1,8,1,1,120000,1000
524,1,0,8,1,1,20000,400
525,1,0,6,1,0,0,1000
526,0,0,8,1,0,0,3000
527,0,0,6,1,1,10000,0
528,0,0,0,1,0,0,0
529,0,0,3,1,1,50000,0
530,1,0,5,1,1,40000,1000
531,1,0,6,1,0,0,500
532,0,0,6,1,0,0,3000
533,0,0,6,1,1,27000,2000
534,0,0,6,1,0,0,0
535,1,0,8,1,1,20000,500
536,0,0,5,1,1,150000,2000
537,1,0,8,1,1,15000,1000
538,0,0,6,1,0,0,0
539,0,0,0,1,1,200000,15000
540,0,0,6,1,0,0,0
541,0,0,8,1,1,34000,0
542,0,1,6,1,1,25000,400
543,1,0,8,1,0,0,300
544,1,0,5,0,1,200000,400
545,1,1,6,1,1,330000,300
546,1,1,8,0,1,100000,600
547,1,1,8,1,1,170000,400
548,1,0,8,1,1,40000,1000
549,1,1,6,0,1,60000,900
550,1,1,6,1,1,550000,2000
551,1,1,6,0,1,105000,500
552,1,1,6,1,1,600000,500
553,1,0,8,1,1,45000,0
554,1,1,6,1,1,400000,500
555,0,0,6,1,0,0,0
556,1,0,8,1,1,20000,500
557,0,0,6,1,0,0,0
558,1,0,8,1,0,0,500
559,1,1,5,1,1,45000,300
560,0,3,1,1,0,0,500
561,1,3,6,1,0,0,300
562,1,3,8,1,0,0,450
563,0,0,6,1,0,0,0
564,0,1,8,1,0,0,1000
565,0,0,6,1,1,30000,0
566,0,0,6,1,1,15000,0
567,0,0,6,1,1,30000,1000
568,0,0,0,0,0,0,500
569,0,0,0,1,0,0,800
570,0,0,8,1,0,0,2000
571,0,0,8,1,0,0,1500
572,1,2,6,1,1,120000,500
573,0,0,0,0,1,90000,5000
574,0,0,8,1,1,35000,700
575,1,0,8,1,1,50000,1000
576,0,0,6,1,0,0,2000
577,0,0,8,1,0,0,0
578,0,0,6,1,1,30000,0
579,0,0,8,1,0,0,1500
580,0,0,6,1,1,22000,0
581,0,0,6,1,1,50000,1000
582,0,1,3,1,1,140000,25000
583,0,1,6,1,0,0,0
584,0,1,6,1,1,60000,0
585,0,1,6,1,0,0,0
586,0,2,2,1,1,55000,800
587,0,2,2,1,1,50000,800
588,0,2,2,1,1,67000,1000
589,0,2,0,0,1,67000,1000
590,0,2,8,0,1,48000,1000
591,0,2,8,0,1,50000,1000
592,0,2,8,0,1,90000,1500
593,0,2,8,0,1,100000,1500
594,0,2,1,0,1,60000,1000
595,0,2,1,0,1,55000,1000
596,0,0,1,1,1,30000,750
597,0,0,1,1,1,35000,750
598,0,0,7,1,1,25000,700
599,0,0,7,1,1,30000,600
600,0,0,7,1,1,15000,600
601,0,0,7,1,1,15000,600
602,0,0,3,1,1,20000,750
603,0,0,3,1,1,45000,1000
604,0,0,6,1,1,41000,1500
605,0,0,6,1,1,25000,1000
606,0,0,6,1,1,38000,2000
607,0,0,6,1,1,28000,1500
608,0,0,6,1,1,35000,1500
609,0,0,0,1,1,85000,3000
610,0,0,0,1,1,65000,2000
611,0,0,2,1,1,28000,800
612,0,0,2,1,1,30000,800
613,0,0,2,1,1,30000,800
614,0,0,4,1,1,20000,500
615,0,3,5,1,0,0,700
616,0,3,5,1,1,15000,800
617,0,3,5,1,0,0,750
618,0,3,5,1,0,0,700
619,0,3,5,1,0,0,750
620,0,3,6,1,0,0,1000
621,0,3,6,1,0,0,1500
622,0,3,6,1,0,0,1500
623,0,3,6,1,0,0,1000
624,0,3,6,1,0,0,1000
625,0,3,6,1,0,0,1000
626,0,3,6,1,0,0,1000
627,0,3,6,1,0,0,750
628,0,3,6,1,0,0,750
629,0,3,6,1,0,0,800
630,0,3,6,1,0,0,800
631,0,3,6,1,0,0,750
632,0,3,6,1,0,0,1000
633,0,3,6,1,0,0,1000
634,0,3,6,1,0,0,1000
635,0,3,6,1,0,0,1000
636,0,3,0,1,0,0,1200
637,0,3,0,1,0,0,1200
638,0,3,0,1,0,0,1000
639,0,3,0,1,0,0,1000
640,0,3,0,1,0,0,1000
641,0,3,0,1,0,0,1000
642,0,3,0,1,0,0,1000
643,0,3,0,1,0,0,1000
644,0,3,0,1,0,0,600
645,0,3,0,1,0,0,800
646,0,3,8,1,0,0,1000
647,0,3,8,1,0,0,1500
648,0,3,8,1,0,0,1500
649,0,3,8,1,0,0,2000
650,0,3,8,1,0,0,2000
651,0,3,8,1,0,0,2000
652,0,3,8,1,0,0,1500
653,0,3,8,1,0,0,1500
654,0,3,8,1,0,0,1500
655,0,3,8,1,0,0,2000
656,0,3,8,1,0,0,1000
657,0,3,0,1,0,0,1300
658,0,3,0,1,0,0,1000
659,0,3,0,1,0,0,800
660,0,3,0,1,0,0,800
661,0,3,0,1,0,0,1000
662,0,3,0,1,0,0,1000
663,0,3,0,1,0,0,1000
664,0,3,0,1,0,0,1200
665,0,3,0,1,0,0,1000
666,0,3,8,1,0,0,1000
667,0,3,8,1,0,0,1500
668,0,3,8,1,0,0,2000
669,0,3,3,1,0,0,750
670,0,3,3,1,0,0,750
671,0,3,3,1,0,0,800
672,0,1,2,1,1,30000,900
673,0,1,2,1,1,38000,900
674,0,1,2,1,1,35000,900
675,0,1,7,1,1,35000,550
676,0,1,7,1,1,40000,600
677,0,1,7,1,1,40000,600
678,0,1,3,1,1,65000,1000
679,0,1,3,1,1,30000,1000
680,0,1,5,1,1,42000,900
681,0,1,5,1,1,41000,900
682,0,1,5,1,1,40000,900
683,0,1,5,1,1,56000,900
684,0,1,5,1,1,55000,800
685,0,1,5,1,1,58000,800
686,0,1,5,1,1,63000,800
687,0,1,5,1,1,67000,800
688,0,1,5,1,1,71000,1000
689,0,1,5,1,1,70000,900
690,0,1,5,1,1,72000,1000
691,0,1,5,1,1,42000,800
692,0,1,5,1,1,41000,800
693,0,1,5,1,1,40000,800
694,0,1,5,1,1,56000,800
695,0,1,5,1,1,55000,900
696,0,1,5,1,1,58000,900
697,0,1,5,1,1,63000,900
698,0,1,5,1,1,67000,900
699,0,1,5,1,1,71000,900
700,0,1,5,1,1,170000,1000
701,0,1,6,1,1,45000,1500
702,0,1,6,1,1,48000,1500
703,0,1,6,1,1,38000,1400
704,0,1,6,1,1,67000,1800
705,0,1,6,1,1,70000,2000
706,0,1,6,1,1,88000,2000
707,0,1,6,1,1,75000,2000
708,0,1,6,1,1,55000,1800
709,0,1,6,1,1,60000,2500
710,0,1,6,1,1,110000,2500
711,0,1,6,1,1,95000,2000
712,0,1,0,1,1,55000,900
713,0,1,0,1,1,45000,800
714,0,1,0,1,1,80000,1500
715,0,1,0,1,1,65000,800
716,0,1,0,1,1,130000,2000
717,0,1,0,1,1,100000,2500
718,0,1,0,1,1,75000,1500
719,0,1,0,1,1,35000,750
720,0,1,0,1,1,28000,700
721,0,1,0,1,1,45000,800
722,0,1,0,1,1,58000,1000
723,0,1,0,1,0,0,1000
724,0,1,0,1,0,0,800
725,0,1,0,1,0,0,1000
726,0,1,0,1,0,0,1000
727,0,1,8,1,1,62000,1000
728,0,1,8,1,1,70000,1500
729,0,1,8,0,1,35000,1000
730,0,1,8,0,1,40000,1000
731,0,1,8,0,1,52000,1000
732,0,1,8,0,1,70000,1000
733,0,1,8,0,1,80000,1500
734,0,1,0,0,1,65000,1000
735,0,1,0,0,1,70000,1500
736,0,1,0,0,1,38000,900
737,0,1,0,1,1,95000,1000
738,0,1,0,1,1,80000,1000
739,0,1,8,1,1,120000,1500
740,0,1,8,1,1,60000,1000
741,0,2,8,1,1,72000,1500
742,0,2,4,0,1,58000,500
743,0,2,4,0,1,63000,500
744,0,2,2,0,1,57000,900
745,0,2,2,0,1,63000,900
746,0,2,3,0,1,120000,1000
747,0,2,3,0,1,70000,1000
748,0,2,5,0,1,65000,1000
749,0,2,5,0,1,80000,800
750,0,2,5,0,1,61000,800
751,0,2,5,0,1,75000,900
752,0,2,5,0,1,70000,900
753,0,2,8,0,1,38000,1000
754,0,2,8,0,1,120000,1500
755,0,2,8,0,1,150000,1500
756,0,2,8,0,1,180000,2000
757,0,2,0,0,0,0,1500
758,0,2,1,0,1,30000,800
759,1,0,1,1,0,0,750
760,1,0,1,1,1,25000,300
761,1,0,2,1,1,15000,300
762,1,0,2,1,1,15000,300
763,1,0,2,1,1,20000,750
764,1,0,7,1,1,20000,250
765,1,0,7,1,1,25000,250
766,1,0,7,1,1,30000,300
767,1,0,7,1,1,30000,300
768,1,0,5,1,1,25000,300
769,1,0,5,1,1,27000,300
770,1,0,5,1,1,29000,300
771,1,0,5,1,1,30000,300
772,1,0,5,1,1,32000,300
773,1,0,0,1,0,0,450
774,1,0,0,1,0,0,400
775,1,0,4,1,0,0,200
776,1,0,4,1,0,0,250
777,1,3,6,1,0,0,450
778,1,3,6,1,0,0,300
779,1,3,6,1,0,0,350
780,1,3,6,1,0,0,300
781,1,3,6,1,0,0,350
782,1,3,6,1,0,0,300
783,1,3,6,1,0,0,350
784,1,3,6,1,0,0,300
785,1,3,6,1,0,0,300
786,1,3,6,1,0,0,350
787,1,3,6,1,0,0,300
788,1,3,6,1,0,0,350
789,1,3,6,1,0,0,300
790,1,3,6,1,0,0,400
791,1,3,6,1,0,0,400
792,1,3,0,1,0,0,350
793,1,3,0,1,0,0,400
794,1,3,0,1,0,0,400
795,1,3,0,1,0,0,400
796,1,3,0,1,0,0,350
797,1,3,8,1,0,0,400
798,1,3,8,1,0,0,600
799,1,3,8,1,0,0,500
800,1,3,8,1,0,0,500
801,1,3,0,1,0,0,450
802,1,3,0,1,0,0,450
803,1,3,5,1,0,0,300
804,1,3,5,1,0,0,300
805,1,3,5,1,0,0,300
806,1,3,5,1,0,0,300
807,1,3,5,1,0,0,300
808,1,3,5,1,0,0,300
809,1,3,5,1,0,0,300
810,1,3,5,1,0,0,300
811,1,3,5,1,0,0,300
812,1,3,5,1,0,0,300
813,1,3,5,1,1,12000,300
814,1,1,1,1,1,35000,300
815,1,1,1,1,1,30000,300
816,1,1,1,1,1,40000,300
817,1,1,2,1,1,38000,300
818,1,1,2,1,1,42000,300
819,1,1,2,1,1,45000,300
820,1,1,7,1,1,45000,300
821,1,1,7,1,1,30000,300
822,1,1,7,1,1,25000,250
823,1,1,7,1,1,35000,300
824,1,1,7,1,1,40000,300
825,1,1,3,1,1,60000,400
826,1,1,3,1,1,55000,350
827,1,1,3,1,1,58000,400
828,1,1,3,1,1,55000,350
829,1,1,3,1,1,45000,300
830,1,1,3,1,1,30000,300
831,1,1,5,1,1,42000,300
832,1,1,5,1,1,41000,300
833,1,1,5,1,1,40000,300
834,1,1,5,1,1,56000,300
835,1,1,5,1,1,55000,300
836,1,1,5,1,1,58000,300
837,1,1,5,1,1,63000,300
838,1,1,5,1,1,67000,300
839,1,1,5,1,1,71000,300
840,1,1,5,1,1,70000,300
841,1,1,6,1,1,65000,300
842,1,1,6,1,1,60000,300
843,1,1,6,1,1,150000,500
844,1,1,6,1,1,125000,500
845,1,1,6,1,1,85000,300
846,1,1,0,1,1,90000,400
847,1,1,0,1,1,95000,300
848,1,1,0,1,1,85000,350
849,1,1,0,1,1,120000,500
850,1,1,0,1,1,100000,500
851,1,1,8,1,1,48000,500
852,1,1,8,1,1,55000,600
853,1,1,8,1,1,65000,700
854,1,1,8,0,1,72000,600
855,1,1,8,0,1,90000,1000
856,1,1,0,1,1,45000,350
857,1,1,0,1,1,55000,300
858,1,1,8,1,1,70000,1000
859,1,1,8,1,1,90000,1000
860,1,0,5,1,1,72000,300
861,1,0,5,1,1,42000,300
862,1,0,5,1,1,41000,300
863,1,0,0,1,1,25000,300
864,1,0,0,1,1,35000,350
865,1,0,0,1,1,42000,300
866,1,0,0,1,1,55000,300
867,1,0,0,1,1,75000,400
868,1,0,8,1,1,20000,500
869,1,0,8,1,1,32000,500
870,1,2,8,1,1,65000,1000
871,1,2,8,1,1,80000,1000
872,1,2,8,1,1,160000,1000
873,1,2,0,1,1,500000,2000
874,1,2,0,1,1,110000,500
875,1,2,0,1,1,580000,1000
876,1,2,0,1,1,370000,1000
877,1,2,8,1,1,250000,1000
878,1,2,5,1,1,40000,300
879,1,2,5,1,1,56000,300
880,1,2,5,1,1,55000,300
881,1,2,5,1,1,58000,300
882,1,2,5,1,1,63000,300
883,1,2,1,0,1,58000,400
884,1,2,7,0,1,67000,300
885,1,2,7,0,1,64000,300
886,1,2,3,0,1,55000,400
887,1,2,3,0,1,50000,350
888,1,2,3,0,1,60000,400
889,1,2,5,0,1,58000,400
890,1,2,5,0,1,63000,400
891,1,2,5,0,1,67000,400
892,1,2,5,0,1,71000,400
893,1,2,5,0,1,70000,400
894,1,2,5,0,1,72000,400
895,1,2,5,0,1,72000,400
896,1,2,5,0,1,75000,400
897,1,2,5,0,1,90000,450
898,1,2,5,0,1,85000,450
899,1,2,5,0,1,100000,450
900,1,2,5,0,1,110000,450
901,1,2,5,0,1,63000,300
902,1,2,5,0,1,67000,300
903,1,2,5,0,1,71000,350
904,1,2,5,0,1,70000,300
905,1,2,5,0,1,72000,300
906,1,2,5,0,1,72000,300
907,1,2,5,0,1,72000,350
908,1,2,6,0,1,84000,300
909,1,2,6,0,1,76000,300
910,1,2,6,0,1,66000,300
911,1,2,6,0,1,97500,300
912,1,2,0,0,1,250000,300
913,1,2,0,0,1,100000,350
914,1,2,0,0,1,200000,350
915,1,2,0,0,1,140000,500
916,1,2,0,0,1,55000,300
917,1,2,0,0,1,67000,300
918,1,2,0,0,1,49000,300
919,1,2,0,0,1,38000,350
920,1,2,0,0,1,90000,400
921,1,2,0,0,1,135000,500
922,1,2,0,0,1,155000,500
923,1,2,0,0,1,39000,300
924,1,2,0,0,1,37000,350
925,1,2,0,0,1,42000,300
926,1,2,0,0,1,71000,300
927,1,2,8,0,1,50000,500
928,1,2,8,0,1,58000,500
929,1,2,8,0,1,60000,600
930,1,2,8,0,1,65000,700
931,1,2,8,0,1,70000,1000
932,1,2,8,0,1,75000,600
933,1,2,8,0,1,80000,700
934,1,2,8,0,1,130000,1000
935,1,2,8,0,1,120000,600
936,1,2,8,0,1,200000,800
937,1,2,8,0,1,300000,1000
938,1,2,0,0,1,450000,1000
939,1,2,0,0,1,50000,300
940,1,2,0,0,1,58000,300
941,1,2,0,0,1,60000,300
942,1,2,0,0,1,62000,300
943,1,2,8,0,1,400000,1000
944,1,2,8,0,1,320000,600
945,1,2,8,0,1,500000,1000
946,0,0,6,1,0,0,1500
947,0,0,6,1,1,30000,1000
948,0,1,6,0,1,68000,500
949,1,2,6,0,1,70000,300
950,0,0,8,1,1,15000,1000
951,0,1,6,1,1,100000,2000
952,1,0,6,1,1,100000,300
953,0,1,8,1,1,30000,0
954,0,1,8,0,1,60000,0
955,0,0,8,1,0,0,0
956,0,1,7,0,1,69000,0
957,1,0,8,1,0,0,250
958,0,0,6,1,0,0,2000
959,0,1,8,1,1,70000,0
960,0,0,8,1,0,0,0
961,0,0,6,1,0,0,2000
962,0,0,8,1,0,0,0
963,0,0,6,1,0,0,0
964,0,0,6,1,0,0,0
965,0,0,6,1,1,130000,5000
966,0,0,6,1,0,0,0
967,0,0,6,1,1,30000,15000
968,0,1,3,1,0,0,1500
969,0,1,8,1,1,70000,0
970,0,0,8,0,1,150000,3000
971,0,0,6,1,0,0,1000
972,1,0,8,1,0,0,500
973,1,0,8,1,1,80000,600
974,0,0,6,1,0,0,2000
975,1,0,8,1,0,0,500
976,1,0,8,1,1,100000,1500
977,0,0,8,1,0,0,0
978,0,0,6,1,1,40000,3000
979,1,0,8,1,0,0,500
980,0,1,8,1,1,35000,0
981,0,0,8,1,1,30000,0
982,0,1,8,1,1,30000,0
983,0,1,8,1,1,30000,0
984,0,0,8,1,1,32000,0
985,1,0,8,1,1,30000,500
986,0,0,8,1,1,150000,2000
987,1,0,8,1,1,20000,500
988,0,1,8,1,0,0,0
989,1,0,8,1,0,0,0
990,1,0,8,1,1,50000,500
991,0,0,6,1,0,0,2000
992,0,0,0,1,0,0,1000
993,0,0,8,1,1,25000,1500
994,1,0,8,1,0,0,1000
995,1,0,8,1,0,0,0
996,1,1,8,1,1,120000,1000
997,1,0,8,1,1,20000,400
998,1,0,6,1,0,0,1000
999,0,0,8,1,0,0,3000
1000,0,0,6,1,1,10000,0
1001,0,0,0,1,0,0,0
1002,0,0,3,1,1,50000,0
1003,1,0,5,1,1,40000,1000
1004,1,0,6,1,0,0,500
1005,0,0,6,1,0,0,3000
1006,0,0,6,1,1,27000,2000
1007,0,0,6,1,0,0,0
1008,1,0,8,1,1,20000,500
1009,0,0,5,1,1,150000,2000
1010,1,0,8,1,1,15000,1000
1011,0,0,6,1,0,0,0
1012,0,0,0,1,1,200000,15000
1013,0,0,6,1,0,0,0
1014,0,0,8,1,1,34000,0
1015,0,1,6,1,1,25000,400
1016,1,0,8,1,0,0,300
1017,1,0,5,0,1,200000,400
1018,1,1,6,1,1,330000,300
1019,1,1,8,0,1,100000,600
1020,1,1,8,1,1,170000,400
1021,1,0,8,1,1,40000,1000
1022,1,1,6,0,1,60000,900
1023,1,1,6,1,1,550000,2000
1024,1,1,6,0,1,105000,500
1025,1,1,6,1,1,600000,500
1026,1,0,8,1,1,45000,0
1027,1,1,6,1,1,400000,500
1028,0,0,6,1,0,0,0
1029,1,0,8,1,1,20000,500
1030,0,0,6,1,0,0,0
1031,1,0,8,1,0,0,500
1032,1,1,5,1,1,45000,300
1033,0,3,1,1,0,0,500
1034,1,3,6,1,0,0,300
1035,1,3,8,1,0,0,450
1036,0,0,6,1,0,0,0
1037,0,1,8,1,0,0,1000
1038,0,0,6,1,1,30000,0
1039,0,0,6,1,1,15000,0
1040,0,0,6,1,1,30000,1000
1041,0,0,0,0,0,0,500
1042,0,0,0,1,0,0,800
1043,0,0,8,1,0,0,2000
1044,0,0,8,1,0,0,1500
1045,1,2,6,1,1,120000,500
1046,0,0,0,0,1,90000,5000
1047,0,0,8,1,1,35000,700
1048,1,0,8,1,1,50000,1000
1049,0,0,6,1,0,0,2000
1050,0,0,8,1,0,0,0
1051,0,0,6,1,1,30000,0
1052,0,0,8,1,0,0,1500
1053,0,0,6,1,1,22000,0
1054,0,0,6,1,1,50000,1000
1055,0,1,3,1,1,140000,25000
1056,0,1,6,1,0,0,0
1057,0,1,6,1,1,60000,0
1058,0,1,6,1,0,0,0
1059,0,2,2,1,1,55000,800
1060,0,2,2,1,1,50000,800
1061,0,2,2,1,1,67000,1000
1062,0,2,0,0,1,67000,1000
1063,0,2,8,0,1,48000,1000
1064,0,2,8,0,1,50000,1000
1065,0,2,8,0,1,90000,1500
1066,0,2,8,0,1,100000,1500
1067,0,2,1,0,1,60000,1000
1068,0,2,1,0,1,55000,1000
1069,0,0,1,1,1,30000,750
1070,0,0,1,1,1,35000,750
1071,0,0,7,1,1,25000,700
1072,0,0,7,1,1,30000,600
1073,0,0,7,1,1,15000,600
1074,0,0,7,1,1,15000,600
1075,0,0,3,1,1,20000,750
1076,0,0,3,1,1,45000,1000
1077,0,0,6,1,1,41000,1500
1078,0,0,6,1,1,25000,1000
1079,0,0,6,1,1,38000,2000
1080,0,0,6,1,1,28000,1500
1081,0,0,6,1,1,35000,1500
1082,0,0,0,1,1,85000,3000
1083,0,0,0,1,1,65000,2000
1084,0,0,2,1,1,28000,800
1085,0,0,2,1,1,30000,800
1086,0,0,2,1,1,30000,800
1087,0,0,4,1,1,20000,500
1088,0,3,5,1,0,0,700
1089,0,3,5,1,1,15000,800
1090,0,3,5,1,0,0,750
1091,0,3,5,1,0,0,700
1092,0,3,5,1,0,0,750
1093,0,3,6,1,0,0,1000
1094,0,3,6,1,0,0,1500
1095,0,3,6,1,0,0,1500
1096,0,3,6,1,0,0,1000
1097,0,3,6,1,0,0,1000
1098,0,3,6,1,0,0,1000
1099,0,3,6,1,0,0,1000
1100,0,3,6,1,0,0,750
1101,0,3,6,1,0,0,750
1102,0,3,6,1,0,0,800
1103,0,3,6,1,0,0,800
1104,0,3,6,1,0,0,750
1105,0,3,6,1,0,0,1000
1106,0,3,6,1,0,0,1000
1107,0,3,6,1,0,0,1000
1108,0,3,6,1,0,0,1000
1109,0,3,0,1,0,0,1200
1110,0,3,0,1,0,0,1200
1111,0,3,0,1,0,0,1000
1112,0,3,0,1,0,0,1000
1113,0,3,0,1,0,0,1000
1114,0,3,0,1,0,0,1000
1115,0,3,0,1,0,0,1000
1116,0,3,0,1,0,0,1000
1117,0,3,0,1,0,0,600
1118,0,3,0,1,0,0,800
1119,0,3,8,1,0,0,1000
1120,0,3,8,1,0,0,1500
1121,0,3,8,1,0,0,1500
1122,0,3,8,1,0,0,2000
1123,0,3,8,1,0,0,2000
1124,0,3,8,1,0,0,2000
1125,0,3,8,1,0,0,1500
1126,0,3,8,1,0,0,1500
1127,0,3,8,1,0,0,1500
1128,0,3,8,1,0,0,2000
1129,0,3,8,1,0,0,1000
1130,0,3,0,1,0,0,1300
1131,0,3,0,1,0,0,1000
1132,0,3,0,1,0,0,800
1133,0,3,0,1,0,0,800
1134,0,3,0,1,0,0,1000
1135,0,3,0,1,0,0,1000
1136,0,3,0,1,0,0,1000
1137,0,3,0,1,0,0,1200
1138,0,3,0,1,0,0,1000
1139,0,3,8,1,0,0,1000
1140,0,3,8,1,0,0,1500
1141,0,3,8,1,0,0,2000
1142,0,3,3,1,0,0,750
1143,0,3,3,1,0,0,750
1144,0,3,3,1,0,0,800
1145,0,1,2,1,1,30000,900
1146,0,1,2,1,1,38000,900
1147,0,1,2,1,1,35000,900
1148,0,1,7,1,1,35000,550
1149,0,1,7,1,1,40000,600
1150,0,1,7,1,1,40000,600
1151,0,1,3,1,1,65000,1000
1152,0,1,3,1,1,30000,1000
1153,0,1,5,1,1,42000,900
1154,0,1,5,1,1,41000,900
1155,0,1,5,1,1,40000,900
1156,0,1,5,1,1,56000,900
1157,0,1,5,1,1,55000,800
1158,0,1,5,1,1,58000,800
1159,0,1,5,1,1,63000,800
1160,0,1,5,1,1,67000,800
1161,0,1,5,1,1,71000,1000
1162,0,1,5,1,1,70000,900
1163,0,1,5,1,1,72000,1000
1164,0,1,5,1,1,42000,800
1165,0,1,5,1,1,41000,800
1166,0,1,5,1,1,40000,800
1167,0,1,5,1,1,56000,800
1168,0,1,5,1,1,55000,900
1169,0,1,5,1,1,58000,900
1170,0,1,5,1,1,63000,900
1171,0,1,5,1,1,67000,900
1172,0,1,5,1,1,71000,900
1173,0,1,5,1,1,170000,1000
1174,0,1,6,1,1,45000,1500
1175,0,1,6,1,1,48000,1500
1176,0,1,6,1,1,38000,1400
1177,0,1,6,1,1,67000,1800
1178,0,1,6,1,1,70000,2000
1179,0,1,6,1,1,88000,2000
1180,0,1,6,1,1,75000,2000
1181,0,1,6,1,1,55000,1800
1182,0,1,6,1,1,60000,2500
1183,0,1,6,1,1,110000,2500
1184,0,1,6,1,1,95000,2000
1185,0,1,0,1,1,55000,900
1186,0,1,0,1,1,45000,800
1187,0,1,0,1,1,80000,1500
1188,0,1,0,1,1,65000,800
1189,0,1,0,1,1,130000,2000
1190,0,1,0,1,1,100000,2500
1191,0,1,0,1,1,75000,1500
1192,0,1,0,1,1,35000,750
1193,0,1,0,1,1,28000,700
1194,0,1,0,1,1,45000,800
1195,0,1,0,1,1,58000,1000
1196,0,1,0,1,0,0,1000
1197,0,1,0,1,0,0,800
1198,0,1,0,1,0,0,1000
1199,0,1,0,1,0,0,1000
1200,0,1,8,1,1,62000,1000
1201,0,1,8,1,1,70000,1500
1202,0,1,8,0,1,35000,1000
1203,0,1,8,0,1,40000,1000
1204,0,1,8,0,1,52000,1000
1205,0,1,8,0,1,70000,1000
1206,0,1,8,0,1,80000,1500
1207,0,1,0,0,1,65000,1000
1208,0,1,0,0,1,70000,1500
1209,0,1,0,0,1,38000,900
1210,0,1,0,1,1,95000,1000
1211,0,1,0,1,1,80000,1000
1212,0,1,8,1,1,120000,1500
1213,0,1,8,1,1,60000,1000
1214,0,2,8,1,1,72000,1500
1215,0,2,4,0,1,58000,500
1216,0,2,4,0,1,63000,500
1217,0,2,2,0,1,57000,900
1218,0,2,2,0,1,63000,900
1219,0,2,3,0,1,120000,1000
1220,0,2,3,0,1,70000,1000
1221,0,2,5,0,1,65000,1000
1222,0,2,5,0,1,80000,800
1223,0,2,5,0,1,61000,800
1224,0,2,5,0,1,75000,900
1225,0,2,5,0,1,70000,900
1226,0,2,8,0,1,38000,1000
1227,0,2,8,0,1,120000,1500
1228,0,2,8,0,1,150000,1500
1229,0,2,8,0,1,180000,2000
1230,0,2,0,0,0,0,1500
1231,0,2,1,0,1,30000,800
1232,1,0,1,1,0,0,750
1233,1,0,1,1,1,25000,300
1234,1,0,2,1,1,15000,300
1235,1,0,2,1,1,15000,300
1236,1,0,2,1,1,20000,750
1237,1,0,7,1,1,20000,250
1238,1,0,7,1,1,25000,250
1239,1,0,7,1,1,30000,300
1240,1,0,7,1,1,30000,300
1241,1,0,5,1,1,25000,300
1242,1,0,5,1,1,27000,300
1243,1,0,5,1,1,29000,300
1244,1,0,5,1,1,30000,300
1245,1,0,5,1,1,32000,300
1246,1,0,0,1,0,0,450
1247,1,0,0,1,0,0,400
1248,1,0,4,1,0,0,200
1249,1,0,4,1,0,0,250
1250,1,3,6,1,0,0,450
1251,1,3,6,1,0,0,300
1252,1,3,6,1,0,0,350
1253,1,3,6,1,0,0,300
1254,1,3,6,1,0,0,350
1255,1,3,6,1,0,0,300
1256,1,3,6,1,0,0,350
1257,1,3,6,1,0,0,300
1258,1,3,6,1,0,0,300
1259,1,3,6,1,0,0,350
1260,1,3,6,1,0,0,300
1261,1,3,6,1,0,0,350
1262,1,3,6,1,0,0,300
1263,1,3,6,1,0,0,400
1264,1,3,6,1,0,0,400
1265,1,3,0,1,0,0,350
1266,1,3,0,1,0,0,400
1267,1,3,0,1,0,0,400
1268,1,3,0,1,0,0,400
1269,1,3,0,1,0,0,350
1270,1,3,8,1,0,0,400
1271,1,3,8,1,0,0,600
1272,1,3,8,1,0,0,500
1273,1,3,8,1,0,0,500
1274,1,3,0,1,0,0,450
1275,1,3,0,1,0,0,450
1276,1,3,5,1,0,0,300
1277,1,3,5,1,0,0,300
1278,1,3,5,1,0,0,300
1279,1,3,5,1,0,0,300
1280,1,3,5,1,0,0,300
1281,1,3,5,1,0,0,300
1282,1,3,5,1,0,0,300
1283,1,3,5,1,0,0,300
1284,1,3,5,1,0,0,300
1285,1,3,5,1,0,0,300
1286,1,3,5,1,1,12000,300
1287,1,1,1,1,1,35000,300
1288,1,1,1,1,1,30000,300
1289,1,1,1,1,1,40000,300
1290,1,1,2,1,1,38000,300
1291,1,1,2,1,1,42000,300
1292,1,1,2,1,1,45000,300
1293,1,1,7,1,1,45000,300
1294,1,1,7,1,1,30000,300
1295,1,1,7,1,1,25000,250
1296,1,1,7,1,1,35000,300
1297,1,1,7,1,1,40000,300
1298,1,1,3,1,1,60000,400
1299,1,1,3,1,1,55000,350
1300,1,1,3,1,1,58000,400
1301,1,1,3,1,1,55000,350
1302,1,1,3,1,1,45000,300
1303,1,1,3,1,1,30000,300
1304,1,1,5,1,1,42000,300
1305,1,1,5,1,1,41000,300
1306,1,1,5,1,1,40000,300
1307,1,1,5,1,1,56000,300
1308,1,1,5,1,1,55000,300
1309,1,1,5,1,1,58000,300
1310,1,1,5,1,1,63000,300
1311,1,1,5,1,1,67000,300
1312,1,1,5,1,1,71000,300
1313,1,1,5,1,1,70000,300
1314,1,1,6,1,1,65000,300
1315,1,1,6,1,1,60000,300
1316,1,1,6,1,1,150000,500
1317,1,1,6,1,1,125000,500
1318,1,1,6,1,1,85000,300
1319,1,1,0,1,1,90000,400
1320,1,1,0,1,1,95000,300
1321,1,1,0,1,1,85000,350
1322,1,1,0,1,1,120000,500
1323,1,1,0,1,1,100000,500
1324,1,1,8,1,1,48000,500
1325,1,1,8,1,1,55000,600
1326,1,1,8,1,1,65000,700
1327,1,1,8,0,1,72000,600
1328,1,1,8,0,1,90000,1000
1329,1,1,0,1,1,45000,350
1330,1,1,0,1,1,55000,300
1331,1,1,8,1,1,70000,1000
1332,1,1,8,1,1,90000,1000
1333,1,0,5,1,1,72000,300
1334,1,0,5,1,1,42000,300
1335,1,0,5,1,1,41000,300
1336,1,0,0,1,1,25000,300
1337,1,0,0,1,1,35000,350
1338,1,0,0,1,1,42000,300
1339,1,0,0,1,1,55000,300
1340,1,0,0,1,1,75000,400
1341,1,0,8,1,1,20000,500
1342,1,0,8,1,1,32000,500
1343,1,2,8,1,1,65000,1000
1344,1,2,8,1,1,80000,1000
1345,1,2,8,1,1,160000,1000
1346,1,2,0,1,1,500000,2000
1347,1,2,0,1,1,110000,500
1348,1,2,0,1,1,580000,1000
1349,1,2,0,1,1,370000,1000
1350,1,2,8,1,1,250000,1000
1351,1,2,5,1,1,40000,300
1352,1,2,5,1,1,56000,300
1353,1,2,5,1,1,55000,300
1354,1,2,5,1,1,58000,300
1355,1,2,5,1,1,63000,300
1356,1,2,1,0,1,58000,400
1357,1,2,7,0,1,67000,300
1358,1,2,7,0,1,64000,300
1359,1,2,3,0,1,55000,400
1360,1,2,3,0,1,50000,350
1361,1,2,3,0,1,60000,400
1362,1,2,5,0,1,58000,400
1363,1,2,5,0,1,63000,400
1364,1,2,5,0,1,67000,400
1365,1,2,5,0,1,71000,400
1366,1,2,5,0,1,70000,400
1367,1,2,5,0,1,72000,400
1368,1,2,5,0,1,72000,400
1369,1,2,5,0,1,75000,400
1370,1,2,5,0,1,90000,450
1371,1,2,5,0,1,85000,450
1372,1,2,5,0,1,100000,450
1373,1,2,5,0,1,110000,450
1374,1,2,5,0,1,63000,300
1375,1,2,5,0,1,67000,300
1376,1,2,5,0,1,71000,350
1377,1,2,5,0,1,70000,300
1378,1,2,5,0,1,72000,300
1379,1,2,5,0,1,72000,300
1380,1,2,5,0,1,72000,350
1381,1,2,6,0,1,84000,300
1382,1,2,6,0,1,76000,300
1383,1,2,6,0,1,66000,300
1384,1,2,6,0,1,97500,300
1385,1,2,0,0,1,250000,300
1386,1,2,0,0,1,100000,350
1387,1,2,0,0,1,200000,350
1388,1,2,0,0,1,140000,500
1389,1,2,0,0,1,55000,300
1390,1,2,0,0,1,67000,300
1391,1,2,0,0,1,49000,300
1392,1,2,0,0,1,38000,350
1393,1,2,0,0,1,90000,400
1394,1,2,0,0,1,135000,500
1395,1,2,0,0,1,155000,500
1396,1,2,0,0,1,39000,300
1397,1,2,0,0,1,37000,350
1398,1,2,0,0,1,42000,300
1399,1,2,0,0,1,71000,300
1400,1,2,8,0,1,50000,500
1401,1,2,8,0,1,58000,500
1402,1,2,8,0,1,60000,600
1403,1,2,8,0,1,65000,700
1404,1,2,8,0,1,70000,1000
1405,1,2,8,0,1,75000,600
1406,1,2,8,0,1,80000,700
1407,1,2,8,0,1,130000,1000
1408,1,2,8,0,1,120000,600
1409,1,2,8,0,1,200000,800
1410,1,2,8,0,1,300000,1000
1411,1,2,0,0,1,450000,1000
1412,1,2,0,0,1,50000,300
1413,1,2,0,0,1,58000,300
1414,1,2,0,0,1,60000,300
1415,1,2,0,0,1,62000,300
1416,1,2,8,0,1,400000,1000
1417,1,2,8,0,1,320000,600
1418,1,2,8,0,1,500000,1000
1419,0,0,6,1,0,0,1500
1420,0,0,6,1,1,30000,1000
1421,0,1,6,0,1,68000,500
1422,1,2,6,0,1,70000,300
1423,0,0,8,1,1,15000,1000
1424,0,1,6,1,1,100000,2000
1425,1,0,6,1,1,100000,300
1426,0,1,8,1,1,30000,0
1427,0,1,8,0,1,60000,0
1428,0,0,8,1,0,0,0
1429,0,1,7,0,1,69000,0
1430,1,0,8,1,0,0,250
1431,0,0,6,1,0,0,2000
1432,0,1,8,1,1,70000,0
1433,0,0,8,1,0,0,0
1434,0,0,6,1,0,0,2000
1435,0,0,8,1,0,0,0
1436,0,0,6,1,0,0,0
1437,0,0,6,1,0,0,0
1438,0,0,6,1,1,130000,5000
1439,0,0,6,1,0,0,0
1440,0,0,6,1,1,30000,15000
1441,0,1,3,1,0,0,1500
1442,0,1,8,1,1,70000,0
1443,0,0,8,0,1,150000,3000
1444,0,0,6,1,0,0,1000
1445,1,0,8,1,0,0,500
1446,1,0,8,1,1,80000,600
1447,0,0,6,1,0,0,2000
1448,1,0,8,1,0,0,500
1449,1,0,8,1,1,100000,1500
1450,0,0,8,1,0,0,0
1451,0,0,6,1,1,40000,3000
1452,1,0,8,1,0,0,500
1453,0,1,8,1,1,35000,0
1454,0,0,8,1,1,30000,0
1455,0,1,8,1,1,30000,0
1456,0,1,8,1,1,30000,0
1457,0,0,8,1,1,32000,0
1458,1,0,8,1,1,30000,500
1459,0,0,8,1,1,150000,2000
1460,1,0,8,1,1,20000,500
1461,0,1,8,1,0,0,0
1462,1,0,8,1,0,0,0
1463,1,0,8,1,1,50000,500
1464,0,0,6,1,0,0,2000
1465,0,0,0,1,0,0,1000
1466,0,0,8,1,1,25000,1500
1467,1,0,8,1,0,0,1000
1468,1,0,8,1,0,0,0
1469,1,1,8,1,1,120000,1000
1470,1,0,8,1,1,20000,400
1471,1,0,6,1,0,0,1000
1472,0,0,8,1,0,0,3000
1473,0,0,6,1,1,10000,0
1474,0,0,0,1,0,0,0
1475,0,0,3,1,1,50000,0
1476,1,0,5,1,1,40000,1000
1477,1,0,6,1,0,0,500
1478,0,0,6,1,0,0,3000
1479,0,0,6,1,1,27000,2000
1480,0,0,6,1,0,0,0
1481,1,0,8,1,1,20000,500
1482,0,0,5,1,1,150000,2000
1483,1,0,8,1,1,15000,1000
1484,0,0,6,1,0,0,0
1485,0,0,0,1,1,200000,15000
1486,0,0,6,1,0,0,0
1487,0,0,8,1,1,34000,0
1488,0,1,6,1,1,25000,400
1489,1,0,8,1,0,0,300
1490,1,0,5,0,1,200000,400
1491,1,1,6,1,1,330000,300
1492,1,1,8,0,1,100000,600
1493,1,1,8,1,1,170000,400
1494,1,0,8,1,1,40000,1000
1495,1,1,6,0,1,60000,900
1496,1,1,6,1,1,550000,2000
1497,1,1,6,0,1,105000,500
1498,1,1,6,1,1,600000,500
1499,1,0,8,1,1,45000,0
1500,1,1,6,1,1,400000,500
1501,0,0,6,1,0,0,0
1502,1,0,8,1,1,20000,500
1503,0,0,6,1,0,0,0
1504,1,0,8,1,0,0,500
1505,1,1,5,1,1,45000,300
1506,0,3,1,1,0,0,500
1507,1,3,6,1,0,0,300
1508,1,3,8,1,0,0,450
1509,0,0,6,1,0,0,0
1510,0,1,8,1,0,0,1000
1511,0,0,6,1,1,30000,0
1512,0,0,6,1,1,15000,0
1513,0,0,6,1,1,30000,1000
1514,0,0,0,0,0,0,500
1515,0,0,0,1,0,0,800
1516,0,0,8,1,0,0,2000
1517,0,0,8,1,0,0,1500
1518,1,2,6,1,1,120000,500
1519,0,0,0,0,1,90000,5000
1520,0,0,8,1,1,35000,700
1521,1,0,8,1,1,50000,1000
1522,0,0,6,1,0,0,2000
1523,0,0,8,1,0,0,0
1524,0,0,6,1,1,30000,0
1525,0,0,8,1,0,0,1500
1526,0,0,6,1,1,22000,0
1527,0,0,6,1,1,50000,1000
1528,0,1,3,1,1,140000,25000
1529,0,1,6,1,0,0,0
1530,0,1,6,1,1,60000,0
1531,0,1,6,1,0,0,0
1532,0,2,2,1,1,55000,800
1533,0,2,2,1,1,50000,800
1534,0,2,2,1,1,67000,1000
1535,0,2,0,0,1,67000,1000
1536,0,2,8,0,1,48000,1000
1537,0,2,8,0,1,50000,1000
1538,0,2,8,0,1,90000,1500
1539,0,2,8,0,1,100000,1500
1540,0,2,1,0,1,60000,1000
1541,0,2,1,0,1,55000,1000
1542,0,0,1,1,1,30000,750
1543,0,0,1,1,1,35000,750
1544,0,0,7,1,1,25000,700
1545,0,0,7,1,1,30000,600
1546,0,0,7,1,1,15000,600
1547,0,0,7,1,1,15000,600
1548,0,0,3,1,1,20000,750
1549,0,0,3,1,1,45000,1000
1550,0,0,6,1,1,41000,1500
1551,0,0,6,1,1,25000,1000
1552,0,0,6,1,1,38000,2000
1553,0,0,6,1,1,28000,1500
1554,0,0,6,1,1,35000,1500
1555,0,0,0,1,1,85000,3000
1556,0,0,0,1,1,65000,2000
1557,0,0,2,1,1,28000,800
1558,0,0,2,1,1,30000,800
1559,0,0,2,1,1,30000,800
1560,0,0,4,1,1,20000,500
1561,0,3,5,1,0,0,700
1562,0,3,5,1,1,15000,800
1563,0,3,5,1,0,0,750
1564,0,3,5,1,0,0,700
1565,0,3,5,1,0,0,750
1566,0,3,6,1,0,0,1000
1567,0,3,6,1,0,0,1500
1568,0,3,6,1,0,0,1500
1569,0,3,6,1,0,0,1000
1570,0,3,6,1,0,0,1000
1571,0,3,6,1,0,0,1000
1572,0,3,6,1,0,0,1000
1573,0,3,6,1,0,0,750
1574,0,3,6,1,0,0,750
1575,0,3,6,1,0,0,800
1576,0,3,6,1,0,0,800
1577,0,3,6,1,0,0,750
1578,0,3,6,1,0,0,1000
1579,0,3,6,1,0,0,1000
1580,0,3,6,1,0,0,1000
1581,0,3,6,1,0,0,1000
1582,0,3,0,1,0,0,1200
1583,0,3,0,1,0,0,1200
1584,0,3,0,1,0,0,1000
1585,0,3,0,1,0,0,1000
1586,0,3,0,1,0,0,1000
1587,0,3,0,1,0,0,1000
1588,0,3,0,1,0,0,1000
1589,0,3,0,1,0,0,1000
1590,0,3,0,1,0,0,600
1591,0,3,0,1,0,0,800
1592,0,3,8,1,0,0,1000
1593,0,3,8,1,0,0,1500
1594,0,3,8,1,0,0,1500
1595,0,3,8,1,0,0,2000
1596,0,3,8,1,0,0,2000
1597,0,3,8,1,0,0,2000
1598,0,3,8,1,0,0,1500
1599,0,3,8,1,0,0,1500
1600,0,3,8,1,0,0,1500
1601,0,3,8,1,0,0,2000
1602,0,3,8,1,0,0,1000
1603,0,3,0,1,0,0,1300
1604,0,3,0,1,0,0,1000
1605,0,3,0,1,0,0,800
1606,0,3,0,1,0,0,800
1607,0,3,0,1,0,0,1000
1608,0,3,0,1,0,0,1000
1609,0,3,0,1,0,0,1000
1610,0,3,0,1,0,0,1200
1611,0,3,0,1,0,0,1000
1612,0,3,8,1,0,0,1000
1613,0,3,8,1,0,0,1500
1614,0,3,8,1,0,0,2000
1615,0,3,3,1,0,0,750
1616,0,3,3,1,0,0,750
1617,0,3,3,1,0,0,800
1618,0,1,2,1,1,30000,900
1619,0,1,2,1,1,38000,900
1620,0,1,2,1,1,35000,900
1621,0,1,7,1,1,35000,550
1622,0,1,7,1,1,40000,600
1623,0,1,7,1,1,40000,600
1624,0,1,3,1,1,65000,1000
1625,0,1,3,1,1,30000,1000
1626,0,1,5,1,1,42000,900
1627,0,1,5,1,1,41000,900
1628,0,1,5,1,1,40000,900
1629,0,1,5,1,1,56000,900
1630,0,1,5,1,1,55000,800
1631,0,1,5,1,1,58000,800
1632,0,1,5,1,1,63000,800
1633,0,1,5,1,1,67000,800
1634,0,1,5,1,1,71000,1000
1635,0,1,5,1,1,70000,900
1636,0,1,5,1,1,72000,1000
1637,0,1,5,1,1,42000,800
1638,0,1,5,1,1,41000,800
1639,0,1,5,1,1,40000,800
1640,0,1,5,1,1,56000,800
1641,0,1,5,1,1,55000,900
1642,0,1,5,1,1,58000,900
1643,0,1,5,1,1,63000,900
1644,0,1,5,1,1,67000,900
1645,0,1,5,1,1,71000,900
1646,0,1,5,1,1,170000,1000
1647,0,1,6,1,1,45000,1500
1648,0,1,6,1,1,48000,1500
1649,0,1,6,1,1,38000,1400
1650,0,1,6,1,1,67000,1800
1651,0,1,6,1,1,70000,2000
1652,0,1,6,1,1,88000,2000
1653,0,1,6,1,1,75000,2000
1654,0,1,6,1,1,55000,1800
1655,0,1,6,1,1,60000,2500
1656,0,1,6,1,1,110000,2500
1657,0,1,6,1,1,95000,2000
1658,0,1,0,1,1,55000,900
1659,0,1,0,1,1,45000,800
1660,0,1,0,1,1,80000,1500
1661,0,1,0,1,1,65000,800
1662,0,1,0,1,1,130000,2000
1663,0,1,0,1,1,100000,2500
1664,0,1,0,1,1,75000,1500
1665,0,1,0,1,1,35000,750
1666,0,1,0,1,1,28000,700
1667,0,1,0,1,1,45000,800
1668,0,1,0,1,1,58000,1000
1669,0,1,0,1,0,0,1000
1670,0,1,0,1,0,0,800
1671,0,1,0,1,0,0,1000
1672,0,1,0,1,0,0,1000
1673,0,1,8,1,1,62000,1000
1674,0,1,8,1,1,70000,1500
1675,0,1,8,0,1,35000,1000
1676,0,1,8,0,1,40000,1000
1677,0,1,8,0,1,52000,1000
1678,0,1,8,0,1,70000,1000
1679,0,1,8,0,1,80000,1500
1680,0,1,0,0,1,65000,1000
1681,0,1,0,0,1,70000,1500
1682,0,1,0,0,1,38000,900
1683,0,1,0,1,1,95000,1000
1684,0,1,0,1,1,80000,1000
1685,0,1,8,1,1,120000,1500
1686,0,1,8,1,1,60000,1000
1687,0,2,8,1,1,72000,1500
1688,0,2,4,0,1,58000,500
1689,0,2,4,0,1,63000,500
1690,0,2,2,0,1,57000,900
1691,0,2,2,0,1,63000,900
1692,0,2,3,0,1,120000,1000
1693,0,2,3,0,1,70000,1000
1694,0,2,5,0,1,65000,1000
1695,0,2,5,0,1,80000,800
1696,0,2,5,0,1,61000,800
1697,0,2,5,0,1,75000,900
1698,0,2,5,0,1,70000,900
1699,0,2,8,0,1,38000,1000
1700,0,2,8,0,1,120000,1500
1701,0,2,8,0,1,150000,1500
1702,0,2,8,0,1,180000,2000
1703,0,2,0,0,0,0,1500
1704,0,2,1,0,1,30000,800
1705,1,0,1,1,0,0,750
1706,1,0,1,1,1,25000,300
1707,1,0,2,1,1,15000,300
1708,1,0,2,1,1,15000,300
1709,1,0,2,1,1,20000,750
1710,1,0,7,1,1,20000,250
1711,1,0,7,1,1,25000,250
1712,1,0,7,1,1,30000,300
1713,1,0,7,1,1,30000,300
1714,1,0,5,1,1,25000,300
1715,1,0,5,1,1,27000,300
1716,1,0,5,1,1,29000,300
1717,1,0,5,1,1,30000,300
1718,1,0,5,1,1,32000,300
1719,1,0,0,1,0,0,450
1720,1,0,0,1,0,0,400
1721,1,0,4,1,0,0,200
1722,1,0,4,1,0,0,250
1723,1,3,6,1,0,0,450
1724,1,3,6,1,0,0,300
1725,1,3,6,1,0,0,350
1726,1,3,6,1,0,0,300
1727,1,3,6,1,0,0,350
1728,1,3,6,1,0,0,300
1729,1,3,6,1,0,0,350
1730,1,3,6,1,0,0,300
1731,1,3,6,1,0,0,300
1732,1,3,6,1,0,0,350
1733,1,3,6,1,0,0,300
1734,1,3,6,1,0,0,350
1735,1,3,6,1,0,0,300
1736,1,3,6,1,0,0,400
1737,1,3,6,1,0,0,400
1738,1,3,0,1,0,0,350
1739,1,3,0,1,0,0,400
1740,1,3,0,1,0,0,400
1741,1,3,0,1,0,0,400
1742,1,3,0,1,0,0,350
1743,1,3,8,1,0,0,400
1744,1,3,8,1,0,0,600
1745,1,3,8,1,0,0,500
1746,1,3,8,1,0,0,500
1747,1,3,0,1,0,0,450
1748,1,3,0,1,0,0,450
1749,1,3,5,1,0,0,300
1750,1,3,5,1,0,0,300
1751,1,3,5,1,0,0,300
1752,1,3,5,1,0,0,300
1753,1,3,5,1,0,0,300
1754,1,3,5,1,0,0,300
1755,1,3,5,1,0,0,300
1756,1,3,5,1,0,0,300
1757,1,3,5,1,0,0,300
1758,1,3,5,1,0,0,300
1759,1,3,5,1,1,12000,300
1760,1,1,1,1,1,35000,300
1761,1,1,1,1,1,30000,300
1762,1,1,1,1,1,40000,300
1763,1,1,2,1,1,38000,300
1764,1,1,2,1,1,42000,300
1765,1,1,2,1,1,45000,300
1766,1,1,7,1,1,45000,300
1767,1,1,7,1,1,30000,300
1768,1,1,7,1,1,25000,250
1769,1,1,7,1,1,35000,300
1770,1,1,7,1,1,40000,300
1771,1,1,3,1,1,60000,400
1772,1,1,3,1,1,55000,350
1773,1,1,3,1,1,58000,400
1774,1,1,3,1,1,55000,350
1775,1,1,3,1,1,45000,300
1776,1,1,3,1,1,30000,300
1777,1,1,5,1,1,42000,300
1778,1,1,5,1,1,41000,300
1779,1,1,5,1,1,40000,300
1780,1,1,5,1,1,56000,300
1781,1,1,5,1,1,55000,300
1782,1,1,5,1,1,58000,300
1783,1,1,5,1,1,63000,300
1784,1,1,5,1,1,67000,300
1785,1,1,5,1,1,71000,300
1786,1,1,5,1,1,70000,300
1787,1,1,6,1,1,65000,300
1788,1,1,6,1,1,60000,300
1789,1,1,6,1,1,150000,500
1790,1,1,6,1,1,125000,500
1791,1,1,6,1,1,85000,300
1792,1,1,0,1,1,90000,400
1793,1,1,0,1,1,95000,300
1794,1,1,0,1,1,85000,350
1795,1,1,0,1,1,120000,500
1796,1,1,0,1,1,100000,500
1797,1,1,8,1,1,48000,500
1798,1,1,8,1,1,55000,600
1799,1,1,8,1,1,65000,700
1800,1,1,8,0,1,72000,600
1801,1,1,8,0,1,90000,1000
1802,1,1,0,1,1,45000,350
1803,1,1,0,1,1,55000,300
1804,1,1,8,1,1,70000,1000
1805,1,1,8,1,1,90000,1000
1806,1,0,5,1,1,72000,300
1807,1,0,5,1,1,42000,300
1808,1,0,5,1,1,41000,300
1809,1,0,0,1,1,25000,300
1810,1,0,0,1,1,35000,350
1811,1,0,0,1,1,42000,300
1812,1,0,0,1,1,55000,300
1813,1,0,0,1,1,75000,400
1814,1,0,8,1,1,20000,500
1815,1,0,8,1,1,32000,500
1816,1,2,8,1,1,65000,1000
1817,1,2,8,1,1,80000,1000
1818,1,2,8,1,1,160000,1000
1819,1,2,0,1,1,500000,2000
1820,1,2,0,1,1,110000,500
1821,1,2,0,1,1,580000,1000
1822,1,2,0,1,1,370000,1000
1823,1,2,8,1,1,250000,1000
1824,1,2,5,1,1,40000,300
1825,1,2,5,1,1,56000,300
1826,1,2,5,1,1,55000,300
1827,1,2,5,1,1,58000,300
1828,1,2,5,1,1,63000,300
1829,1,2,1,0,1,58000,400
1830,1,2,7,0,1,67000,300
1831,1,2,7,0,1,64000,300
1832,1,2,3,0,1,55000,400
1833,1,2,3,0,1,50000,350
1834,1,2,3,0,1,60000,400
1835,1,2,5,0,1,58000,400
1836,1,2,5,0,1,63000,400
1837,1,2,5,0,1,67000,400
1838,1,2,5,0,1,71000,400
1839,1,2,5,0,1,70000,400
1840,1,2,5,0,1,72000,400
1841,1,2,5,0,1,72000,400
1842,1,2,5,0,1,75000,400
1843,1,2,5,0,1,90000,450
1844,1,2,5,0,1,85000,450
1845,1,2,5,0,1,100000,450
1846,1,2,5,0,1,110000,450
1847,1,2,5,0,1,63000,300
1848,1,2,5,0,1,67000,300
1849,1,2,5,0,1,71000,350
1850,1,2,5,0,1,70000,300
1851,1,2,5,0,1,72000,300
1852,1,2,5,0,1,72000,300
1853,1,2,5,0,1,72000,350
1854,1,2,6,0,1,84000,300
1855,1,2,6,0,1,76000,300
1856,1,2,6,0,1,66000,300
1857,1,2,6,0,1,97500,300
1858,1,2,0,0,1,250000,300
1859,1,2,0,0,1,100000,350
1860,1,2,0,0,1,200000,350
1861,1,2,0,0,1,140000,500
1862,1,2,0,0,1,55000,300
1863,1,2,0,0,1,67000,300
1864,1,2,0,0,1,49000,300
1865,1,2,0,0,1,38000,350
1866,1,2,0,0,1,90000,400
1867,1,2,0,0,1,135000,500
1868,1,2,0,0,1,155000,500
1869,1,2,0,0,1,39000,300
1870,1,2,0,0,1,37000,350
1871,1,2,0,0,1,42000,300
1872,1,2,0,0,1,71000,300
1873,1,2,8,0,1,50000,500
1874,1,2,8,0,1,58000,500
1875,1,2,8,0,1,60000,600
1876,1,2,8,0,1,65000,700
1877,1,2,8,0,1,70000,1000
1878,1,2,8,0,1,75000,600
1879,1,2,8,0,1,80000,700
1880,1,2,8,0,1,130000,1000
1881,1,2,8,0,1,120000,600
1882,1,2,8,0,1,200000,800
1883,1,2,8,0,1,300000,1000
1884,1,2,0,0,1,450000,1000
1885,1,2,0,0,1,50000,300
1886,1,2,0,0,1,58000,300
1887,1,2,0,0,1,60000,300
1888,1,2,0,0,1,62000,300
1889,1,2,8,0,1,400000,1000
1890,1,2,8,0,1,320000,600
1891,1,2,8,0,1,500000,1000
